{
  "latency_mean_ms": 101.86,
  "latency_stdev_ms": 9.62,
  "latency_variance_ratio": 0.0944,
  "reproducibility_pass": false,
  "timestamp": "2025-10-11T20:34:57.963318",
  "runs": [
    105.40507112483857,
    111.22776571727655,
    105.0473020933029,
    97.27291034697465,
    102.09396062942604,
    101.28548945298745,
    92.85214324801368,
    109.76323968810576,
    80.89909729501832,
    112.70597990707229
  ],
  "runtime_sec": 0.001
}